,latitude,longitude,free_bikes
0,43.685924,-79.376304,0
1,43.6677628,-79.30811709999999,12
2,43.691468,-79.288619,2
3,43.640722,-79.391051,2
4,43.643834,-79.396649,13
5,43.76073963892478,-79.5000273116394,1
6,43.6568254,-79.3966159,9
7,43.7741,-79.5005,0
8,43.656094,-79.381484,18
9,43.658777,-79.369596,9
10,43.661559,-79.413845,1
11,43.663376,-79.392125,13
12,43.651145,-79.423742,34
13,43.647259,-79.379878,34
14,43.6397,-79.44865,4
15,43.666233,-79.373327,16
16,43.672152,-79.39018,5
17,43.690237,-79.350119,5
18,43.671349,-79.29451,11
19,43.645469,-79.411084,10
20,43.661673,-79.337789,14
21,43.642697996199985,-79.4049993694586,2
22,43.671526,-79.44874,1
23,43.673118,-79.318651,13
24,43.72690169821676,-79.22920396582664,8
25,43.7805505,-79.1301203,23
26,43.6625395,-79.5030161,14
27,43.641529,-79.386741,3
28,43.78387252467251,-79.40786809814757,3
29,43.70751755961952,-79.30252066313936,4
30,43.6452972,-79.3827914,17
31,43.652777,-79.372637,7
32,43.690564,-79.326319,0
33,43.661152,-79.358505,6
34,43.670042134416704,-79.4789424818056,1
35,43.67,-79.42083333333333,0
36,43.633473,-79.425679,8
37,43.6704403,-79.45328549999999,0
38,43.64281323408372,-79.40751415588915,4
39,43.66701830465472,-79.4027958687172,7
40,43.6333523484014,-79.41436313073005,11
41,43.74531103700256,-79.20970650787817,7
42,43.65995363518053,-79.41787388888551,1
43,43.68871,-79.39264,1
44,43.6651094724602,-79.46833581423087,19
45,43.6856,-79.3718,1
46,43.6314,-79.4304,8
47,43.6975969,-79.39654,5
48,43.63732,-79.489083,9
49,43.6491919790139,-79.38363237427446,3
50,43.630254,-79.420317,4
51,43.6486599,-79.4376413,1
52,43.6484201,-79.40051919999999,21
53,43.6704537,-79.39014,8
54,43.707555968595464,-79.34272024477463,9
55,43.776857235099826,-79.4151161430729,4
56,43.653264,-79.382458,23
57,43.650154,-79.464934,3
58,43.63670985212708,-79.40880517790985,31
59,43.74033901575211,-79.23935319629516,13
60,43.636533,-79.395854,13
61,43.70942,-79.39139,1
62,43.641389,-79.404444,1
63,43.62649329992186,-79.50358167641535,6
64,43.74751496038769,-79.5132569853195,2
65,43.651318,-79.36023,13
66,43.755583971122874,-79.47446032684479,0
67,43.65246,-79.413528,0
68,43.6438036,-79.4770327,0
69,43.630874,-79.482407,15
70,43.7774374,-79.4447096,1
71,43.68233679999999,-79.4680594,2
72,43.658938,-79.383518,20
73,43.664524,-79.36793,3
74,43.69711160305226,-79.40537298227844,0
75,43.67883,-79.408723,0
76,43.639547,-79.420022,15
77,43.650077,-79.391291,18
78,43.677778,-79.405556,2
79,43.69254716689966,-79.46332759272917,0
80,43.6658804,-79.38761010000002,11
81,43.652686,-79.358395,5
82,43.668991,-79.379385,4
83,43.7503016975738,-79.51577557434386,1
84,43.660439,-79.385525,8
85,43.650745,-79.383633,10
86,43.650492,-79.450842,1
87,43.669244,-79.3894,8
88,43.649147,-79.395504,9
89,43.674991,-79.396273,1
90,43.63735795888104,-79.43617975886079,1
91,43.665221,-79.394009,13
92,43.656729,-79.382736,16
93,43.64883712159794,-79.48675294250663,23
94,43.668456,-79.393899,8
95,43.654501,-79.460053,1
96,43.6412561641921,-79.41502994047545,5
97,43.6554793,-79.4302462,1
98,43.718039,-79.371914,8
99,43.641705,-79.393295,10
100,43.65182,-79.47421,3
101,43.6146692,-79.4873148,17
102,43.69074600637147,-79.47820143344333,27
103,43.6492,-79.50601999999999,1
104,43.7063279,-79.3962499,17
105,43.788525214554085,-79.1231844760227,18
106,43.772445,-79.511912,1
107,43.65038002325664,-79.3787277120385,15
108,43.638925,-79.4168659,7
109,43.651885,-79.3649,17
110,43.612063,-79.496573,4
111,43.645572,-79.39399,18
112,43.685569,-79.408019,8
113,43.660414,-79.415646,3
114,43.63985,-79.43703,8
115,43.645599,-79.4657123,2
116,43.646251,-79.46472,0
117,43.65389,-79.4675,0
118,43.656927,-79.378497,14
119,43.780468305361154,-79.43280415488479,0
120,43.646677,-79.442741,1
121,43.6571,-79.4056,0
122,43.69595,-79.328535,10
123,43.64283,-79.38409,9
124,43.70820992643782,-79.45627808717194,0
125,43.66986,-79.398443,5
126,43.671535,-79.379173,3
127,43.669813,-79.3335,18
128,43.69415,-79.45782580000001,2
129,43.6460145694434,-79.39960497726345,2
130,43.652327224103,-79.3882538196087,0
131,43.651922,-79.465693,1
132,43.648928,-79.378623,7
133,43.779353,-79.193023,1
134,43.77682938751077,-79.2305003612381,4
135,43.637922,-79.431734,0
136,43.695498400279796,-79.48809394482672,7
137,43.650152,-79.379856,18
138,43.72534466992445,-79.2976874085289,12
139,43.635492,-79.398253,14
140,43.79236326442992,-79.35836318028717,4
141,43.6417852,-79.4131148,1
142,43.66834,-79.38235,16
143,43.665523,-79.484892,1
144,43.689293,-79.295895,0
145,43.633537,-79.437461,16
146,43.697139,-79.31469,0
147,43.64039672322004,-79.4237424131447,7
148,43.6673,-79.374,11
149,43.6478206,-79.3704721,8
150,43.66587,-79.33443,3
151,43.6399714,-79.39940399999999,7
152,43.6799477790745,-79.38994813684005,3
153,43.657266,-79.374756,7
154,43.6580442,-79.3927404,2
155,43.6477785,-79.3847928,20
156,43.74445257991756,-79.56824985721664,1
157,43.63632,-79.47307,10
158,43.711751,-79.378615,17
159,43.650033,-79.396555,16
160,43.7254665,-79.40115449999999,8
161,43.66943,-79.38915,9
162,43.665538,-79.451263,0
163,43.6739269797493,-79.46068479021301,1
164,43.674444,-79.414722,0
165,43.674446,-79.398331,3
166,43.65995,-79.38964,12
167,43.727365488246306,-79.3814254607724,7
168,43.656038841714505,-79.38970387738495,0
169,43.64514249449372,-79.39510358283808,16
170,43.6629228,-79.4018451,20
171,43.789068698639504,-79.39315096004944,1
172,43.67115532642577,-79.46701597756929,0
173,43.70735572654095,-79.43723072209013,0
174,43.63811,-79.397877,4
175,43.6535052,-79.3667689,8
176,43.66073,-79.47149,0
177,43.77327261711258,-79.21971485277862,0
178,43.678685,-79.297974,2
179,43.6700692,-79.2971326,19
180,43.644395,-79.40065430000001,20
181,43.655431,-79.380653,17
182,43.665304278965365,-79.39938263802871,7
183,43.6560758,-79.393259,12
184,43.681114,-79.3373885,6
185,43.641952,-79.380723,17
186,43.73262849415089,-79.5381993243286,2
187,43.6616667,-79.40138888888889,0
188,43.77037892370793,-79.36702734195678,4
189,43.697356080874876,-79.28528711019696,7
190,43.74845421407306,-79.5504039969242,2
191,43.672453,-79.338259,5
192,43.6614605,-79.37894570000002,12
193,43.6882821,-79.4253856,1
194,43.65082785552666,-79.39698099821702,9
195,43.66207,-79.37617,6
196,43.706191092397106,-79.53262795581969,0
197,43.663808,-79.410491,2
198,43.6846177,-79.39245919999999,1
199,43.671389,-79.416389,0
200,43.665327,-79.43235,2
201,43.640132,-79.380464,42
202,43.689211,-79.35438,5
203,43.6521,-79.4486,2
204,43.70567,-79.310554,6
205,43.667023,-79.401805,12
206,43.6602021,-79.4342726,2
207,43.68698672516659,-79.33478198280334,4
208,43.6653032,-79.4701178,4
209,43.720233,-79.362092,8
210,43.677076,-79.35667,5
211,43.68370788065334,-79.32262453633884,4
212,43.77060244428048,-79.45997589178772,1
213,43.669604,-79.381171,8
214,43.641646,-79.375308,28
215,43.63737145931921,-79.38976958703309,22
216,43.7842419,-79.1849889,4
217,43.640885,-79.416379,1
218,43.64422,-79.36927,14
219,43.75919330632997,-79.49001046850891,4
220,43.683884,-79.36647,8
221,43.680207,-79.339243,0
222,43.697490048103,-79.25655146462776,5
223,43.64392767366328,-79.3687301736982,11
224,43.6926825,-79.441042,4
225,43.68114,-79.4277,0
226,43.663912,-79.327987,15
227,43.77953,-79.45233,1
228,43.643320932767004,-79.35120948518066,7
229,43.76376964130183,-79.48809242593383,3
230,43.65011637593798,-79.37953068860327,13
231,43.637381,-79.406112,6
232,43.64572868466845,-79.40990680181771,3
233,43.66666667,-79.45833333333334,2
234,43.69933,-79.39199,6
235,43.68850460000001,-79.39416076812287,2
236,43.655103,-79.389295,15
237,43.6442,-79.38702,24
238,43.652219,-79.354455,11
239,43.6574766,-79.373446,3
240,43.646144,-79.377962,44
241,43.651678,-79.375233,13
242,43.653766,-79.4016759,1
243,43.71649675774656,-79.33089439933623,15
244,43.66526761605873,-79.47502122887077,3
245,43.70241717215276,-79.36175932936095,1
246,43.662365,-79.351104,11
247,43.657192,-79.452559,1
248,43.696708,-79.40045,2
249,43.7110442448186,-79.29127313845584,11
250,43.646552,-79.399586,5
251,43.65905,-79.422988,1
252,43.60116229109828,-79.50416046627045,7
253,43.64309687937765,-79.42875613770637,4
254,43.76128605777495,-79.41071644205269,3
255,43.676667,-79.416111,0
256,43.657343,-79.43112,2
257,43.76507271818177,-79.23835381614684,1
258,43.72268,-79.37644,3
259,43.644887,-79.45641169999999,6
260,43.732975,-79.40401,2
261,43.687204264115415,-79.39269726524513,1
262,43.678276306636576,-79.50667332401198,0
263,43.716652,-79.399993,5
264,43.6596299,-79.4799176,2
265,43.656633,-79.379625,30
266,43.6592088,-79.3348396,14
267,43.660296,-79.397107,10
268,43.754978,-79.1971289,5
269,43.64407,-79.3929,22
270,43.736952572933866,-79.24798367249146,2
271,43.64595,-79.378761,2
272,43.6605603,-79.3437663,6
273,43.6448617,-79.42822,6
274,43.69144464414302,-79.50154583869246,0
275,43.666051,-79.374161,30
276,43.6475,-79.43305555555555,4
277,43.6808774,-79.3304491,1
278,43.6469251,-79.3733192,13
279,43.707225,-79.345324,8
280,43.71024429599603,-79.39578744603273,5
281,43.640255,-79.439223,4
282,43.6171635,-79.4971065,12
283,43.707582,-79.311439,3
284,43.5961692,-79.5160575,15
285,43.69705023028765,-79.4437599043325,7
286,43.668153,-79.38891,15
287,43.67142,-79.445947,2
288,43.671293,-79.380471,17
289,43.63771,-79.458173,8
290,43.698841,-79.519472,0
291,43.6954486,-79.4026176,0
292,43.671771,-79.324961,4
293,43.623708,-79.490054,9
294,43.662712,-79.379903,18
295,43.6548521,-79.35397680000001,8
296,43.64852,-79.380576,12
297,43.671946102001826,-79.37245115337294,2
298,43.654004,-79.444792,1
299,43.702340220597975,-79.50347389514123,3
300,43.6668334195837,-79.38120391054117,5
301,43.64570236705167,-79.41933192053696,10
302,43.645658591546216,-79.52339938954925,2
303,43.640114,-79.393249,8
304,43.648437,-79.39838,11
305,43.671278,-79.372127,8
306,43.721761400691236,-79.2359137196434,9
307,43.6608333,-79.43166666666667,3
308,43.675531973168354,-79.47199740066374,0
309,43.63675592256874,-79.39920538954927,5
310,43.646162,-79.378912,5
311,43.67036917803197,-79.32782698645094,11
312,43.697417070558615,-79.50079830912324,1
313,43.785346474479695,-79.35362921031188,0
314,43.6544839,-79.34105699999999,15
315,43.69362206784152,-79.27710529695892,2
316,43.636731,-79.444966,6
317,43.70400405297843,-79.34807015078738,6
318,43.657763,-79.389165,22
319,43.646186757495194,-79.51762536747455,23
320,43.6935477,-79.3301658,7
321,43.70163,-79.44099,0
322,43.648575,-79.380042,6
323,43.66981064282057,-79.38801106873031,7
324,43.651281,-79.411717,0
325,43.63796,-79.387502,24
326,43.668427,-79.38725,6
327,43.645102,-79.39744979999999,21
328,43.6910667,-79.39535,8
329,43.715537998967406,-79.32811427663442,5
330,43.7004017,-79.4275305,1
331,43.6784834,-79.3513564,21
332,43.664182,-79.449066,1
333,43.698706949666914,-79.4756586460327,1
334,43.668496,-79.485426,3
335,43.64656806400965,-79.4076868902591,2
336,43.662771,-79.315223,11
337,43.702418581463505,-79.2563167072858,4
338,43.658739,-79.440691,4
339,43.678177,-79.435364,0
340,43.7323277855009,-79.22496619876934,3
341,43.63951,-79.383717,17
342,43.68395,-79.347046,7
343,43.70587454662511,-79.36800595602851,9
344,43.645808552646564,-79.38054652324743,12
345,43.65505698168995,-79.37651024603271,0
346,43.649354475273796,-79.39675713332855,11
347,43.64654941401018,-79.41558900317995,18
348,43.64473387070102,-79.39168963262681,14
349,43.696631,-79.297436,13
350,43.6422222,-79.41111111111111,2
351,43.71940912890232,-79.30226117096939,3
352,43.66196582326018,-79.49851065277862,12
353,43.66908,-79.3149,18
354,43.6753188,-79.3462789,5
355,43.721532966873205,-79.5455834809678,15
356,43.684758,-79.316767,0
357,43.67468857448634,-79.36701962396272,11
358,43.66745,-79.329408,17
359,43.76521,-79.491281,2
360,43.6576,-79.4032,2
361,43.645324,-79.40345,3
362,43.64235480340359,-79.39519751877137,12
363,43.72211166436462,-79.30864830919265,1
364,43.748713,-79.541808,0
365,43.665645,-79.304711,25
366,43.645859,-79.38783,23
367,43.658574,-79.487246,3
368,43.63467323676012,-79.40897321886649,7
369,43.6582,-79.3768,8
370,43.688028,-79.460265,1
371,43.77245563489829,-79.45102085413427,1
372,43.6476,-79.4015,6
373,43.664088,-79.387095,19
374,43.642904395956684,-79.43746059447746,9
375,43.671561,-79.38117,8
376,43.64781808540915,-79.38427999073791,14
377,43.707045,-79.375437,6
378,43.7170472128686,-79.25461030789113,9
379,43.69143920681119,-79.46908634795456,2
380,43.669232,-79.374495,2
381,43.683979,-79.410657,7
382,43.6950192,-79.27180659999999,2
383,43.69867103968614,-79.43680738560357,7
384,43.7641485,-79.5012809,3
385,43.64285244644315,-79.53199489206543,13
386,43.656296,-79.414663,1
387,43.637894,-79.454823,3
388,43.647547634759206,-79.39155200496292,10
389,43.65716,-79.46478,1
390,43.682645,-79.377557,2
391,43.652823,-79.393388,8
392,43.680466,-79.432522,0
393,43.66189,-79.42679,3
394,43.7027268,-79.33368089999999,7
395,43.62052630763223,-79.48320224237995,16
396,43.657991,-79.340075,7
397,43.650945,-79.379498,45
398,43.655972,-79.370638,7
399,43.687999,-79.38906,1
400,43.66273618779861,-79.36253100740966,1
401,43.643769,-79.447915,2
402,43.70925763810859,-79.44169105036657,0
403,43.6352007,-79.4187711,6
404,43.71602024377182,-79.3047092517501,0
405,43.673939,-79.441159,0
406,43.769395456625546,-79.41266521769707,2
407,43.6672144,-79.3452697,11
408,43.657275497390124,-79.32661544194183,13
409,43.660207,-79.361275,11
410,43.7078691,-79.39248,11
411,43.6638889,-79.41888888888889,2
412,43.6752732,-79.3778458,1
413,43.699281,-79.318802,0
414,43.681991,-79.329455,8
415,43.667076,-79.425116,1
416,43.643025055165865,-79.39430137761319,5
417,43.707049,-79.40966,1
418,43.64827015761016,-79.35651733677065,7
419,43.687211810315254,-79.39269591804246,0
420,43.714305793017544,-79.36089045040129,6
421,43.744208202155754,-79.21564636613158,8
422,43.7494501,-79.4869662,13
423,43.66842,-79.410585,1
424,43.70518328279426,-79.34224729962946,7
425,43.6570908165693,-79.38593668834272,10
426,43.60191488118503,-79.49941888654288,11
427,43.6626628,-79.3323698,12
428,43.685221,-79.294766,0
429,43.688325,-79.300463,5
430,43.7154661,-79.2876595,15
431,43.663102,-79.373181,8
432,43.70876747477083,-79.53445192394257,0
433,43.675492,-79.388858,1
434,43.6962302,-79.39504339999999,7
435,43.64981903446256,-79.38641270251617,13
436,43.65016869999999,-79.4963345,10
437,43.6765897,-79.3163022,12
438,43.717678679534906,-79.29961580314475,2
439,43.77121894873629,-79.22956526983644,10
440,43.661975,-79.407896,3
441,43.706466,-79.29511,3
442,43.659471,-79.350325,10
443,43.66713121831853,-79.3995550638237,7
444,43.6563888888889,-79.4091666666667,2
445,43.661803,-79.389682,11
446,43.766663817888656,-79.18521765344238,14
447,43.671944,-79.387778,4
448,43.6469928,-79.3706665,9
449,43.652352301216055,-79.39801617693556,0
450,43.673768,-79.391253,2
451,43.7128578,-79.2487086,4
452,43.7032112,-79.2787149,4
453,43.65231552304792,-79.39091185000235,22
454,43.6603874468082,-79.39537831814152,6
455,43.68,-79.42500000000001,1
456,43.64290167152932,-79.39937033134326,14
457,43.659221843735615,-79.44277410244676,3
458,43.64836809385241,-79.3853510232788,19
459,43.6641174,-79.4588522,2
460,43.73596719224253,-79.21995221481933,5
461,43.675791,-79.40698,1
462,43.73458185912293,-79.35485399272919,11
463,43.727621709316395,-79.55254902939286,0
464,43.651838,-79.378743,5
465,43.691688,-79.265027,2
466,43.6585504,-79.4497659,1
467,43.639179,-79.399595,2
468,43.64976,-79.48477,1
469,43.663148,-79.347938,4
470,43.613606,-79.4883535,20
471,43.656784782853144,-79.35627385059036,8
472,43.65922918158098,-79.44320901022282,2
473,43.6002896,-79.5108692,19
474,43.6617908,-79.361515,6
475,43.658816,-79.367318,4
476,43.6666667,-79.41166666666668,0
477,43.6394444,-79.42527777777778,12
478,43.6504218,-79.4407647,2
479,43.68824135931814,-79.27046628033244,5
480,43.7023860650084,-79.52594758324148,0
481,43.7549215557014,-79.35174838465576,5
482,43.66083333333333,-79.43583333333333,1
483,43.77649016265579,-79.5085364909097,1
484,43.663722,-79.380288,15
485,43.667819,-79.35347,3
486,43.71176278859601,-79.27028152889692,0
487,43.77351462694018,-79.35306224113921,6
488,43.759292283169536,-79.5183741465576,0
489,43.6372958,-79.4423237,2
490,43.704461,-79.423122,7
491,43.6712581,-79.376367,18
492,43.76174092019504,-79.24473961415558,2
493,43.651238,-79.43868,3
494,43.6677246,-79.4041365,3
495,43.72991999271573,-79.40372719797139,5
496,43.68035,-79.28357,11
497,43.651603,-79.408346,0
498,43.63906470236988,-79.41080996164456,4
499,43.65222662225532,-79.32295440954084,17
500,43.742037440522616,-79.22488680080262,6
501,43.747854,-79.199327,12
502,43.641675,-79.354006,9
503,43.637764,-79.345359,30
504,43.635023,-79.399505,4
505,43.6750806,-79.3068697,13
506,43.7029672,-79.3979073,8
507,43.67168,-79.421192,0
508,43.695101521988285,-79.28970303201599,12
509,43.72093164598881,-79.34989416350709,7
510,43.65637299999999,-79.38781039999999,4
511,43.667208,-79.312315,7
512,43.729578273586064,-79.54699793872719,0
513,43.70979296822595,-79.36389214460489,7
514,43.665656,-79.352055,13
515,43.669969,-79.386532,3
516,43.647968822765,-79.38316961352653,18
517,43.6493472,-79.42668,5
518,43.6591529,-79.3947953,9
519,43.669576,-79.375961,2
520,43.662862,-79.383572,8
521,43.63758782904466,-79.40314232209015,7
522,43.74190570940633,-79.27181887640458,4
523,43.660324268765464,-79.51154350422973,11
524,43.6029904,-79.4926867,7
525,43.65351799690878,-79.38591063795928,8
526,43.65003919999999,-79.3733541,13
527,43.65917,-79.46997,0
528,43.648655,-79.367061,6
529,43.673391524931525,-79.47798367814572,1
530,43.647663,-79.487583,2
531,43.694826,-79.295208,4
532,43.649722,-79.416944,9
533,43.6856128,-79.31168269999999,10
534,43.753107,-79.479626,3
535,43.635,-79.4088888888889,13
536,43.690903,-79.4375028,1
537,43.77114830031903,-79.36381166455688,18
538,43.697819,-79.38786,2
539,43.64333333333333,-79.40555555555557,3
540,43.647508351306186,-79.38604436555764,9
541,43.6480008,-79.383177,16
542,43.650256,-79.36163,11
543,43.666224,-79.317693,15
544,43.668553,-79.338673,9
545,43.6743457123134,-79.4948437786083,0
546,43.78225298110634,-79.42367062831116,7
547,43.675278,-79.423889,0
548,43.65160619179464,-79.38404693334348,20
549,43.6637403,-79.39806449999999,1
550,43.6791345,-79.3263159,5
551,43.693187,-79.314283,2
552,43.6647688,-79.3772602,2
553,43.7561681,-79.2026694,3
554,43.76816239444779,-79.38312075158996,4
555,43.65988,-79.38279,7
556,43.69401297794256,-79.26257204548136,8
557,43.64666748425228,-79.40299591349182,13
558,43.70643614257429,-79.25104443353288,2
559,43.6551193,-79.4201454,3
560,43.6559476,-79.37558829999999,2
561,43.645389479325615,-79.5276822170925,10
562,43.59841926031898,-79.51561102394257,7
563,43.6593483,-79.34993659999999,1
564,43.7777114,-79.1659711,4
565,43.6472019,-79.3953394,7
566,43.675648,-79.4527619,0
567,43.637695491830144,-79.42023184193503,8
568,43.6848652,-79.356602,11
569,43.640075,-79.414156,3
570,43.72729077290258,-79.25237907196654,1
571,43.64134790000001,-79.4013882,8
572,43.673831,-79.281455,19
573,43.73878438927323,-79.21746485700835,6
574,43.678401,-79.346289,12
575,43.715951,-79.351246,14
576,43.72704086366749,-79.24391402446746,6
577,43.62369169999999,-79.4838132,11
578,43.6462176,-79.3855048,10
579,43.6308933,-79.4722622,12
580,43.61868,-79.48674,6
581,43.6662047,-79.37901219999999,3
582,43.648657,-79.458111,0
583,43.676184561302776,-79.38962496400146,6
584,43.653809,-79.3595,5
585,43.64817,-79.510392,4
586,43.64534,-79.409597,6
587,43.65105290412541,-79.38764943227872,19
588,43.6662942,-79.4066433,3
589,43.665801,-79.384796,3
590,43.74475834253035,-79.35348069940567,5
591,43.7737066962024,-79.44314914220622,3
592,43.71513211098082,-79.33413623320465,6
593,43.6495789,-79.3762096,9
594,43.671513,-79.408317,2
595,43.6613642,-79.3641171,18
596,43.638608601636705,-79.41965437361068,19
597,43.670318,-79.405181,1
598,43.660694,-79.379052,4
599,43.639124514797004,-79.41423166721611,0
600,43.635007,-79.403341,4
601,43.778015,-79.131911,15
602,43.68201189061227,-79.39130701852416,2
603,43.699327072589426,-79.4493630391668,0
604,43.6772,-79.35858,1
605,43.6393107,-79.4408141,1
606,43.6850809,-79.3149901,10
607,43.626265,-79.476723,61
608,43.720645,-79.355474,8
609,43.6978701,-79.39419,17
610,43.660274,-79.398049,13
611,43.650279,-79.356832,5
612,43.63855,-79.46693,14
613,43.66,-79.4088888888889,2
614,43.6591666666667,-79.3855555555556,13
615,43.64299174164139,-79.42355911563249,0
616,43.64920406876699,-79.49336334201408,20
617,43.652634,-79.374222,8
618,43.680566503025645,-79.3908297264401,6
619,43.68189526215492,-79.4736382392868,1
620,43.70430959999999,-79.3972815,7
621,43.719632535237835,-79.33199950866776,13
622,43.7083577,-79.39886200000001,15
623,43.6392777,-79.4115736,8
624,43.76726589934926,-79.41263489814757,4
625,43.5927419,-79.54033009999999,6
626,43.664467,-79.414783,3
627,43.659575,-79.365769,2
628,43.6423847,-79.4240277,3
629,43.59445833196281,-79.53387390859834,2
630,43.70607287248461,-79.39356161653288,4
631,43.690537,-79.341307,5
632,43.6897656,-79.2939525,0
633,43.70673804962302,-79.50477543802873,2
634,43.6535269,-79.4650569,0
635,43.668510906505354,-79.5007648392868,2
636,43.6476616,-79.37549,9
637,43.6438602,-79.4227573,4
638,43.635932,-79.465083,11
639,43.6545174,-79.3895315,14
640,43.732016,-79.403637,4
641,43.651111111111106,-79.4213888888889,16
642,43.67729,-79.35741,9
643,43.643253094827294,-79.41230469904167,4
644,43.76167125342455,-79.35258302698364,3
645,43.66279594478841,-79.51959827976225,1
646,43.663162,-79.309765,22
647,43.673019,-79.467994,1
648,43.67348899977229,-79.41339520555726,1
649,43.656945,-79.424911,5
650,43.7724019,-79.4675395,0
651,43.64957,-79.432446,1
652,43.650297574961044,-79.36648460341635,7
653,43.6929478,-79.28339980000001,3
654,43.64659663170443,-79.37530913867988,17
655,43.672079,-79.470171,0
656,43.649172,-79.4445087,1
657,43.73673829262113,-79.48227195568086,17
658,43.674923,-79.430465,0
659,43.663912,-79.416124,1
660,43.686962,-79.286864,2
661,43.6323994,-79.40978179999999,31
662,43.70088225686968,-79.38736016665911,4
663,43.781877158752955,-79.41528502874928,0
664,43.662085,-79.397735,6
665,43.645215,-79.364898,4
666,43.675556,-79.410278,0
667,43.6800218,-79.3405681,11
668,43.662452744495575,-79.3978384219513,24
669,43.695032348609836,-79.45302971031188,1
670,43.6632257,-79.4397052,0
671,43.688526,-79.412903,3
672,43.646314469245205,-79.44879407014527,0
673,43.71161098023304,-79.28055565662231,1
674,43.671172,-79.354704,2
675,43.644381896942434,-79.4108533793123,11
676,43.6552778,-79.36583333333333,7
677,43.672571,-79.289,15
678,43.684261,-79.299332,9
679,43.640978,-79.376785,10
680,43.66496415990742,-79.38355031526893,14
681,43.654905,-79.398448,4
682,43.638426,-79.429142,3
683,43.643473,-79.390477,12
684,43.663993,-79.358534,2
685,43.650325,-79.372287,22
686,43.64215,-79.377,23
687,43.65907064983235,-79.35240134225845,10
688,43.70512126615395,-79.3890271081274,2
689,43.64927890131737,-79.50312995581972,4
690,43.77888550790407,-79.34837169762268,1
691,43.653359,-79.365023,9
692,43.6451635,-79.3831757,18
693,43.70688,-79.26850999999999,1
694,43.639522754211804,-79.43395976815727,3
695,43.7041957,-79.4094472,1
696,43.6461,-79.3895,0
697,43.63682856154585,-79.40884160367011,26
698,43.643667,-79.380414,9
699,43.715552692740914,-79.4461544565374,4
700,43.648711,-79.389728,21
701,43.6686111,-79.42027777777778,0
702,43.676216,-79.309395,8
703,43.7781116,-79.467963,0
704,43.713524,-79.400162,8
705,43.655227,-79.39201,1
706,43.645665,-79.415345,11
707,43.643975,-79.419576,22
708,43.66554144421798,-79.41010317605742,4
709,43.662403,-79.423098,1
710,43.647043061824,-79.38314120681535,24
711,43.69413548199171,-79.30058718775287,11
712,43.665278,-79.368333,3
713,43.7603624,-79.5162777,2
714,43.66402,-79.46418,1
715,43.638497,-79.39192,15
716,43.6506,-79.381285,10
717,43.68005,-79.43469,0
718,43.6623658,-79.3413344,13
719,43.63605238134247,-79.49325238769686,2
720,43.659195,-79.329196,12
721,43.652169,-79.362841,5
722,43.68735514096443,-79.50623313806341,1
723,43.64101663053319,-79.38035903750381,9
724,43.6563889,-79.45166666666667,14
725,43.72537884183677,-79.48719674218903,13
726,43.74796393423666,-79.47521217354125,7
727,43.665527,-79.387499,3
728,43.655766,-79.3802,19
729,43.660087,-79.385655,2
730,43.66852,-79.363525,4
731,43.653236,-79.376716,18
732,43.6424558,-79.4296346,7
733,43.657024,-79.377257,10
734,43.69105005197055,-79.43281746494293,1
735,43.685167,-79.34962,5
736,43.680095,-79.291714,1
737,43.65897697159562,-79.34715316627046,13
738,43.65277778,-79.42972222,5
739,43.661601650964336,-79.33894582857273,10
740,43.652473,-79.401456,4
741,43.6817346,-79.4184725,6
742,43.6425636,-79.3762,13
743,43.6754247,-79.4547813,0
744,43.688153079245126,-79.48219789940566,3
745,43.7611741,-79.5114452,0
746,43.6691099,-79.38551,2
747,43.664665,-79.489385,3
748,43.64249948081925,-79.37285779318468,11
749,43.6555556,-79.43361111111112,4
750,43.659296,-79.358035,4
751,43.77345,-79.5002,0
752,43.651118,-79.369411,9
753,43.75921143833388,-79.40960364801701,3
754,43.661324,-79.449534,3
755,43.65052424212547,-79.38672702579497,15
756,43.639444,-79.423611,19
757,43.6458569,-79.3853654,20
758,43.65484215542248,-79.40351232494366,0
759,43.6783213,-79.35822,6
760,43.65143,-79.47779,4
761,43.66663,-79.38148,18
762,43.645609,-79.380386,17
763,43.63781903961206,-79.40013176752855,6
764,43.67794376009951,-79.39836278587889,2
765,43.6451308,-79.36536439999999,11
766,43.6501644,-79.48296909999999,26
767,43.657925501075496,-79.34143486929416,12
768,43.64314139337404,-79.42728015945511,1
769,43.69592993313034,-79.45190139609524,12
770,43.660206,-79.3244,11
771,43.6809164,-79.4229684,1
772,43.6442457,-79.41610440000001,0
773,43.591410003452495,-79.54418190344097,12
774,43.7696262,-79.5025943,1
775,43.6649482,-79.40947,12
776,43.686352,-79.415894,2
777,43.639832,-79.395954,13
778,43.6538888888889,-79.4413888888889,0
779,43.66018127636866,-79.39083271520538,10
780,43.666325,-79.3014,22
781,43.64643026333144,-79.3618163165329,7
782,43.634896,-79.467763,13
783,43.665867,-79.362506,3
784,43.65412449999999,-79.4636388,0
785,43.5880774,-79.5432067,14
786,43.655,-79.418889,7
787,43.658295,-79.372346,1
788,43.67105163758377,-79.40904755211488,1
789,43.68323,-79.455765,0
790,43.669328,-79.288949,17
791,43.66402799999999,-79.40297869999999,12
792,43.74386580997666,-79.49181654358595,15
793,43.6162721,-79.4990363,5
794,43.639052,-79.399792,5
795,43.66686,-79.46526,2
796,43.65945682499,-79.38236466864778,17
797,43.6357643,-79.4674917,14
798,43.6409957,-79.40966630000001,4
799,43.73003601845614,-79.2920036521843,7
800,43.6798678328407,-79.33424613862303,6
801,43.6425791,-79.40011729999999,5
802,43.665076,-79.341509,11
803,43.720998,-79.377456,3
804,43.71101621552703,-79.30675743891624,10
805,43.72749778259739,-79.32714222209015,5
806,43.6543604,-79.4655296,1
807,43.662857,-79.44618,0
808,43.6487245,-79.36839,6
809,43.669821695059376,-79.39444614603269,4
810,43.6224434,-79.480284,22
811,43.70960859570095,-79.39915125005619,4
812,43.646734,-79.38301,15
813,43.6561111,-79.36138888888888,7
814,43.6868681,-79.3110942,0
815,43.75531728502427,-79.51704708227844,0
816,43.656026,-79.385327,7
817,43.668633,-79.291162,14
818,43.6463574,-79.391206,6
819,43.6622222,-79.3825,2
820,43.686442,-79.313404,10
821,43.70547,-79.40355,9
822,43.67665014253828,-79.44503029755326,22
823,43.7105975,-79.2541175,0
824,43.6682342,-79.3702641,5
825,43.7005976,-79.397345,1
826,43.66335070995886,-79.41312798316125,4
827,43.7063473,-79.40161,7
828,43.70756436685646,-79.46571474966814,0
829,43.6834703,-79.5108942,2
830,43.6523196075425,-79.37684857674785,11
831,43.68402031135697,-79.45297885330353,0
832,43.597082,-79.522768,8
833,43.6962750705313,-79.39629396191867,5
834,43.687323,-79.304848,2
835,43.7112153,-79.39894,6
836,43.649649714291584,-79.39372141352654,7
837,43.65378337432506,-79.36335973372954,10
838,43.6741219,-79.4352208,0
839,43.671389,-79.382919,4
840,43.65748153286412,-79.38921396018827,10
841,43.637981,-79.424146,14
842,43.68688938028234,-79.40099513147447,1
843,43.665846,-79.404998,5
844,43.6575,-79.39527777777778,21
845,43.6509552,-79.3707,4
846,43.64813057569729,-79.38858106137695,10
847,43.694341,-79.291416,1
848,43.68306889999999,-79.279682,4
849,43.6390437,-79.4760109,12
850,43.658148,-79.398167,0
851,43.6518918789007,-79.40577861712723,0
852,43.6322445,-79.4108105,24
853,43.6702236,-79.4360232,5
854,43.64089724173822,-79.43283582518329,9
855,43.656638,-79.358749,7
856,43.693256,-79.383238,1
857,43.665269,-79.319796,18
858,43.6535,-79.354068,13
859,43.70503461857136,-79.33547292037659,9
860,43.683296,-79.418734,1
861,43.77086729028769,-79.49812990660705,5
862,43.72486103230542,-79.30351306295167,9
863,43.6720273,-79.3470557,8
864,43.6508333333333,-79.4430555555556,0
865,43.657424,-79.381019,9
866,43.68827060022711,-79.43937767081853,0
867,43.65049,-79.3873,25
868,43.6408346,-79.3429074,16
869,43.75404854399297,-79.2553167552948,3
870,43.6534268,-79.4512787,2
871,43.688148,-79.362101,12
872,43.6452091,-79.3960744,18
873,43.683378,-79.322961,4
874,43.6589882,-79.438715,1
875,43.683351,-79.41562,0
876,43.655350778457056,-79.38345966759798,33
